{"assets/icons/icon.png":["assets/icons/icon.png"],"assets/icons/password_icon.png":["assets/icons/password_icon.png"],"assets/icons/user_icon.png":["assets/icons/user_icon.png"],"assets/images/kenet_stamp.png":["assets/images/kenet_stamp.png"],"assets/images/logo.png":["assets/images/logo.png"],"assets/sounds/error.mp3":["assets/sounds/error.mp3"],"assets/sounds/success.mp3":["assets/sounds/success.mp3"],"packages/cupertino_icons/assets/CupertinoIcons.ttf":["packages/cupertino_icons/assets/CupertinoIcons.ttf"],"packages/flutter_inappwebview/assets/t_rex_runner/t-rex.css":["packages/flutter_inappwebview/assets/t_rex_runner/t-rex.css"],"packages/flutter_inappwebview/assets/t_rex_runner/t-rex.html":["packages/flutter_inappwebview/assets/t_rex_runner/t-rex.html"],"packages/flutter_inappwebview_web/assets/web/web_support.js":["packages/flutter_inappwebview_web/assets/web/web_support.js"]}